{"cameraMode":{"drawMode":0,"name":"Shaded","section":"Shading Mode"},"sceneLighting":true,"audioPlay":false,"sceneViewState":{"showFog":true,"showMaterialUpdate":false,"showSkybox":true,"showFlares":true,"showImageEffects":true,"showParticleSystems":true},"in2DMode":false,"pivot":{"x":-0.5248494148254395,"y":-6.67308235168457,"z":0.87642502784729},"rotation":{"x":0.683630108833313,"y":-0.0015279867220669985,"z":0.001439986634068191,"w":0.7298648953437805},"size":14.833022117614746,"orthographic":false}